Location,Name,Frequency,Duplex,Offset,Tone,rToneFreq,cToneFreq,DtcsCode,DtcsPolarity,RxDtcsCode,CrossMode,Mode,TStep,Skip,Power,Comment,URCALL,RPT1CALL,RPT2CALL,DVCODE,NameJa,ScanList
1,GUARD,121.500000,,0.000000,,88.5,88.5,023,NN,023,Tone->Tone,AM,25.00,,0.01W,航空/全国,,,,,国際緊急(VHF),1
2,MIL GUARD,243.000000,,0.000000,,88.5,88.5,023,NN,023,Tone->Tone,AM,25.00,,0.01W,航空/全国,,,,,国際緊急(UHF軍用),1
3,MIL TWR,126.200000,,0.000000,,88.5,88.5,023,NN,023,Tone->Tone,AM,25.00,,0.01W,航空/全国,,,,,軍用機用タワー共通(VHF),1
4,AIR-AIR,123.450000,,0.000000,,88.5,88.5,023,NN,023,Tone->Tone,AM,25.00,,0.01W,航空/全国,,,,,エアーツーエアー,1
5,ITM TWR,118.100000,,0.000000,,88.5,88.5,023,NN,023,Tone->Tone,AM,25.00,,0.01W,航空/伊丹,,,,,伊丹タワー,1
6,ITM GND,121.700000,,0.000000,,88.5,88.5,023,NN,023,Tone->Tone,AM,25.00,,0.01W,航空/伊丹,,,,,伊丹グランド,1
7,ITM DEL,118.800000,,0.000000,,88.5,88.5,023,NN,023,Tone->Tone,AM,25.00,,0.01W,航空/伊丹,,,,,伊丹デリバリー,1
8,ITM ATIS,128.600000,,0.000000,,88.5,88.5,023,NN,023,Tone->Tone,AM,25.00,,0.01W,航空/伊丹,,,,,伊丹ATIS,1
9,ITM APP,120.450000,,0.000000,,88.5,88.5,023,NN,023,Tone->Tone,AM,25.00,,0.01W,航空/伊丹,,,,,関西アプローチ(伊丹),1
10,ITM APP2,124.700000,,0.000000,,88.5,88.5,023,NN,023,Tone->Tone,AM,25.00,,0.01W,航空/伊丹,,,,,関西アプローチ(伊丹副),1
11,ITM DEP,119.500000,,0.000000,,88.5,88.5,023,NN,023,Tone->Tone,AM,25.00,,0.01W,航空/伊丹,,,,,関西デパーチャー(伊丹),1
12,KIX TWR,118.200000,,0.000000,,88.5,88.5,023,NN,023,Tone->Tone,AM,25.00,,0.01W,航空/関西,,,,,関西タワー,1
13,KIX TWR2,118.050000,,0.000000,,88.5,88.5,023,NN,023,Tone->Tone,AM,25.00,,0.01W,航空/関西,,,,,関西タワー2,1
14,KIX GND,121.600000,,0.000000,,88.5,88.5,023,NN,023,Tone->Tone,AM,25.00,,0.01W,航空/関西,,,,,関西グランド,1
15,KIX GND2,121.650000,,0.000000,,88.5,88.5,023,NN,023,Tone->Tone,AM,25.00,,0.01W,航空/関西,,,,,関西グランド2,1
16,KIX GND3,118.575000,,0.000000,,88.5,88.5,023,NN,023,Tone->Tone,AM,25.00,,0.01W,航空/関西,,,,,関西グランド3,1
17,KIX DEL,121.900000,,0.000000,,88.5,88.5,023,NN,023,Tone->Tone,AM,25.00,,0.01W,航空/関西,,,,,関西デリバリー,1
18,KIX ATIS,127.850000,,0.000000,,88.5,88.5,023,NN,023,Tone->Tone,AM,25.00,,0.01W,航空/関西,,,,,関西ATIS,1
19,KIX APP,120.250000,,0.000000,,88.5,88.5,023,NN,023,Tone->Tone,AM,25.00,,0.01W,航空/関西,,,,,関西アプローチ,1
20,KIX DEP,119.200000,,0.000000,,88.5,88.5,023,NN,023,Tone->Tone,AM,25.00,,0.01W,航空/関西,,,,,関西デパーチャー,1
21,KIX DEP2,120.650000,,0.000000,,88.5,88.5,023,NN,023,Tone->Tone,AM,25.00,,0.01W,航空/関西,,,,,関西デパーチャー2,1
22,KIX RDR,124.800000,,0.000000,,88.5,88.5,023,NN,023,Tone->Tone,AM,25.00,,0.01W,航空/関西,,,,,関西レーダー,1
23,KIX RDR2,120.850000,,0.000000,,88.5,88.5,023,NN,023,Tone->Tone,AM,25.00,,0.01W,航空/関西,,,,,関西レーダー2,1
24,KIX RDR3,121.150000,,0.000000,,88.5,88.5,023,NN,023,Tone->Tone,AM,25.00,,0.01W,航空/関西,,,,,関西レーダー3,1
25,KIX RDR4,125.500000,,0.000000,,88.5,88.5,023,NN,023,Tone->Tone,AM,25.00,,0.01W,航空/関西,,,,,関西レーダー4,1
26,KIX APP5,125.000000,,0.000000,,88.5,88.5,023,NN,023,Tone->Tone,AM,25.00,,0.01W,航空/関西,,,,,関西APP/RDR副5,1
27,KIX APP6,119.750000,,0.000000,,88.5,88.5,023,NN,023,Tone->Tone,AM,25.00,,0.01W,航空/関西,,,,,関西APP/RDR副6,1
28,KIX APP7,121.200000,,0.000000,,88.5,88.5,023,NN,023,Tone->Tone,AM,25.00,,0.01W,航空/関西,,,,,関西APP/RDR副7,1
29,KIX APP8,120.400000,,0.000000,,88.5,88.5,023,NN,023,Tone->Tone,AM,25.00,,0.01W,航空/関西,,,,,関西APP/RDR副8,1
30,KIX APP9,127.575000,,0.000000,,88.5,88.5,023,NN,023,Tone->Tone,AM,25.00,,0.01W,航空/関西,,,,,関西APP/RDR副9,1
31,KANSAI TCA,121.100000,,0.000000,,88.5,88.5,023,NN,023,Tone->Tone,AM,25.00,,0.01W,航空/関西,,,,,関西TCA,1
32,KAN TCA2,125.300000,,0.000000,,88.5,88.5,023,NN,023,Tone->Tone,AM,25.00,,0.01W,航空/関西,,,,,関西TCA2,1
33,KAN TCA3,119.025000,,0.000000,,88.5,88.5,023,NN,023,Tone->Tone,AM,25.00,,0.01W,航空/関西,,,,,関西TCA3,1
34,UKB TWR,118.500000,,0.000000,,88.5,88.5,023,NN,023,Tone->Tone,AM,25.00,,0.01W,航空/神戸,,,,,神戸タワー,1
35,UKB GND,122.075000,,0.000000,,88.5,88.5,023,NN,023,Tone->Tone,AM,25.00,,0.01W,航空/神戸,,,,,神戸グランド,1
36,UKB ATIS,128.075000,,0.000000,,88.5,88.5,023,NN,023,Tone->Tone,AM,25.00,,0.01W,航空/神戸,,,,,神戸ATIS,1
37,YAO TWR,124.350000,,0.000000,,88.5,88.5,023,NN,023,Tone->Tone,AM,25.00,,0.01W,航空/八尾,,,,,八尾タワー,1
38,YAO GND,121.800000,,0.000000,,88.5,88.5,023,NN,023,Tone->Tone,AM,25.00,,0.01W,航空/八尾,,,,,八尾グランド,1
39,KOBE N44,123.900000,,0.000000,,88.5,88.5,023,NN,023,Tone->Tone,AM,25.00,,0.01W,航空/近畿上空,,,,,神戸コントロールN44,1
40,KOBE N47,133.550000,,0.000000,,88.5,88.5,023,NN,023,Tone->Tone,AM,25.00,,0.01W,航空/近畿上空,,,,,神戸コントロールN47,1
41,KOBE N49,132.700000,,0.000000,,88.5,88.5,023,NN,023,Tone->Tone,AM,25.00,,0.01W,航空/近畿上空,,,,,神戸コントロールN49,1
42,KOBE N50,127.150000,,0.000000,,88.5,88.5,023,NN,023,Tone->Tone,AM,25.00,,0.01W,航空/近畿上空,,,,,神戸コントロールN50,1
43,KOBE SUB,126.100000,,0.000000,,88.5,88.5,023,NN,023,Tone->Tone,AM,25.00,,0.01W,航空/近畿上空,,,,,神戸コントロール副,1
44,TKY T38,120.500000,,0.000000,,88.5,88.5,023,NN,023,Tone->Tone,AM,25.00,,0.01W,航空/近畿上空（要確認）,,,,,東京コントロールT38,1
45,TKY T46,133.500000,,0.000000,,88.5,88.5,023,NN,023,Tone->Tone,AM,25.00,,0.01W,航空/近畿上空（要確認）,,,,,東京コントロールT46,1
46,FUK F07,133.025000,,0.000000,,88.5,88.5,023,NN,023,Tone->Tone,AM,25.00,,0.01W,航空/近畿上空,,,,,福岡コントロールF07,1
47,FUK F08,124.150000,,0.000000,,88.5,88.5,023,NN,023,Tone->Tone,AM,25.00,,0.01W,航空/近畿上空,,,,,福岡コントロールF08,1
48,HND TWR,118.100000,,0.000000,,88.5,88.5,023,NN,023,Tone->Tone,AM,25.00,,0.01W,航空/羽田,,,,,東京タワー,1
49,HND TWR2,118.575000,,0.000000,,88.5,88.5,023,NN,023,Tone->Tone,AM,25.00,,0.01W,航空/羽田,,,,,東京タワー2,1
50,HND TWR3,118.725000,,0.000000,,88.5,88.5,023,NN,023,Tone->Tone,AM,25.00,,0.01W,航空/羽田,,,,,東京タワー3,1
51,HND TWR4,124.350000,,0.000000,,88.5,88.5,023,NN,023,Tone->Tone,AM,25.00,,0.01W,航空/羽田,,,,,東京タワー4,1
52,HND TWR5,118.800000,,0.000000,,88.5,88.5,023,NN,023,Tone->Tone,AM,25.00,,0.01W,航空/羽田,,,,,東京タワー5,1
53,HND GND,118.225000,,0.000000,,88.5,88.5,023,NN,023,Tone->Tone,AM,25.00,,0.01W,航空/羽田,,,,,東京グランド,1
54,HND GND2,121.625000,,0.000000,,88.5,88.5,023,NN,023,Tone->Tone,AM,25.00,,0.01W,航空/羽田,,,,,東京グランド2,1
55,HND GND3,121.700000,,0.000000,,88.5,88.5,023,NN,023,Tone->Tone,AM,25.00,,0.01W,航空/羽田,,,,,東京グランド3,1
56,HND GND4,121.975000,,0.000000,,88.5,88.5,023,NN,023,Tone->Tone,AM,25.00,,0.01W,航空/羽田,,,,,東京グランド4,1
57,HND GND5,122.075000,,0.000000,,88.5,88.5,023,NN,023,Tone->Tone,AM,25.00,,0.01W,航空/羽田,,,,,東京グランド5,1
58,HND ATIS,128.800000,,0.000000,,88.5,88.5,023,NN,023,Tone->Tone,AM,25.00,,0.01W,航空/羽田,,,,,羽田ATIS,1
59,NRT TWR,118.200000,,0.000000,,88.5,88.5,023,NN,023,Tone->Tone,AM,25.00,,0.01W,航空/成田,,,,,成田タワー,1
60,NRT TWR2,118.350000,,0.000000,,88.5,88.5,023,NN,023,Tone->Tone,AM,25.00,,0.01W,航空/成田,,,,,成田タワー2,1
61,NRT TWR3,122.700000,,0.000000,,88.5,88.5,023,NN,023,Tone->Tone,AM,25.00,,0.01W,航空/成田,,,,,成田タワー3,1
62,NRT GND,121.950000,,0.000000,,88.5,88.5,023,NN,023,Tone->Tone,AM,25.00,,0.01W,航空/成田,,,,,成田グランド,1
63,NRT GND2,121.850000,,0.000000,,88.5,88.5,023,NN,023,Tone->Tone,AM,25.00,,0.01W,航空/成田,,,,,成田グランド2,1
64,NRT ATIS,128.250000,,0.000000,,88.5,88.5,023,NN,023,Tone->Tone,AM,25.00,,0.01W,航空/成田,,,,,成田ATIS,1
65,NGO TWR,118.850000,,0.000000,,88.5,88.5,023,NN,023,Tone->Tone,AM,25.00,,0.01W,航空/中部,,,,,セントレアタワー,1
66,NGO GND,121.800000,,0.000000,,88.5,88.5,023,NN,023,Tone->Tone,AM,25.00,,0.01W,航空/中部,,,,,セントレアグランド,1
67,NGO ATIS,127.075000,,0.000000,,88.5,88.5,023,NN,023,Tone->Tone,AM,25.00,,0.01W,航空/中部,,,,,中部ATIS,1
68,CTS TWR,118.800000,,0.000000,,88.5,88.5,023,NN,023,Tone->Tone,AM,25.00,,0.01W,航空/新千歳,,,,,千歳タワー,1
69,CTS GND,121.600000,,0.000000,,88.5,88.5,023,NN,023,Tone->Tone,AM,25.00,,0.01W,航空/新千歳,,,,,千歳グランド,1
70,CTS GND2,121.700000,,0.000000,,88.5,88.5,023,NN,023,Tone->Tone,AM,25.00,,0.01W,航空/新千歳,,,,,千歳グランド2,1
71,CTS GND3,121.950000,,0.000000,,88.5,88.5,023,NN,023,Tone->Tone,AM,25.00,,0.01W,航空/新千歳,,,,,千歳グランド3,1
72,CTS ATIS,128.600000,,0.000000,,88.5,88.5,023,NN,023,Tone->Tone,AM,25.00,,0.01W,航空/新千歳,,,,,新千歳ATIS,1
73,FUK TWR,118.400000,,0.000000,,88.5,88.5,023,NN,023,Tone->Tone,AM,25.00,,0.01W,航空/福岡,,,,,福岡タワー,1
74,FUK TWR2,118.250000,,0.000000,,88.5,88.5,023,NN,023,Tone->Tone,AM,25.00,,0.01W,航空/福岡,,,,,福岡タワー2,1
75,FUK GND,121.700000,,0.000000,,88.5,88.5,023,NN,023,Tone->Tone,AM,25.00,,0.01W,航空/福岡,,,,,福岡グランド,1
76,FUK GND2,121.800000,,0.000000,,88.5,88.5,023,NN,023,Tone->Tone,AM,25.00,,0.01W,航空/福岡,,,,,福岡グランド2,1
77,FUK ATIS,127.200000,,0.000000,,88.5,88.5,023,NN,023,Tone->Tone,AM,25.00,,0.01W,航空/福岡,,,,,福岡ATIS,1
78,OKA TWR,118.100000,,0.000000,,88.5,88.5,023,NN,023,Tone->Tone,AM,25.00,,0.01W,航空/那覇,,,,,那覇タワー,1
79,OKA TWR2,118.750000,,0.000000,,88.5,88.5,023,NN,023,Tone->Tone,AM,25.00,,0.01W,航空/那覇,,,,,那覇タワー2,1
80,OKA GND,121.800000,,0.000000,,88.5,88.5,023,NN,023,Tone->Tone,AM,25.00,,0.01W,航空/那覇,,,,,那覇グランド,1
81,OKA GND2,121.900000,,0.000000,,88.5,88.5,023,NN,023,Tone->Tone,AM,25.00,,0.01W,航空/那覇,,,,,那覇グランド2,1
82,OKA ATIS,127.800000,,0.000000,,88.5,88.5,023,NN,023,Tone->Tone,AM,25.00,,0.01W,航空/那覇,,,,,那覇ATIS,1
101,MAR CH16,156.800000,,0.000000,,88.5,88.5,023,NN,023,Tone->Tone,FM,100.00,,0.01W,船舶/国際VHF,,,,,国際VHF ch16 呼出・応答/遭難安全,2
102,MAR CH13,156.650000,,0.000000,,88.5,88.5,023,NN,023,Tone->Tone,FM,50.00,,0.01W,船舶/国際VHF,,,,,国際VHF ch13 航行安全/大阪マーチス,2
103,MAR CH14,156.700000,,0.000000,,88.5,88.5,023,NN,023,Tone->Tone,FM,100.00,,0.01W,船舶/国際VHF,,,,,国際VHF ch14 海保・ポートラジオ,2
104,MARTIS 66,156.325000,,0.000000,,88.5,88.5,023,NN,023,Tone->Tone,FM,25.00,,0.01W,船舶/大阪湾海上交通センター,,,,,大阪マーチス ch66 通信,2
105,MARTIS66B,160.925000,,0.000000,,88.5,88.5,023,NN,023,Tone->Tone,FM,25.00,,0.01W,船舶/大阪湾海上交通センター（要確認）,,,,,大阪マーチス ch66 局側(複信時),2
106,MAR CH77,156.875000,,0.000000,,88.5,88.5,023,NN,023,Tone->Tone,FM,25.00,,0.01W,船舶/国際VHF,,,,,国際VHF ch77 小型船呼出,2
107,MAR CH70D,156.525000,,0.000000,,88.5,88.5,023,NN,023,Tone->Tone,FM,25.00,,0.01W,船舶/国際VHF,,,,,国際VHF ch70 DSC(音声不可),2
108,MAR CH06,156.300000,,0.000000,,88.5,88.5,023,NN,023,Tone->Tone,FM,100.00,,0.01W,船舶/国際VHF,,,,,国際VHF ch06 船舶間,2
109,MAR CH08,156.400000,,0.000000,,88.5,88.5,023,NN,023,Tone->Tone,FM,100.00,,0.01W,船舶/国際VHF,,,,,国際VHF ch08 船舶間,2
110,MAR CH10,156.500000,,0.000000,,88.5,88.5,023,NN,023,Tone->Tone,FM,100.00,,0.01W,船舶/国際VHF,,,,,国際VHF ch10 船舶間,2
111,MAR CH09,156.450000,,0.000000,,88.5,88.5,023,NN,023,Tone->Tone,FM,50.00,,0.01W,船舶/国際VHF,,,,,国際VHF ch09 海保,2
112,MAR CH11,156.550000,,0.000000,,88.5,88.5,023,NN,023,Tone->Tone,FM,50.00,,0.01W,船舶/国際VHF,,,,,国際VHF ch11 海保・ポートラジオ,2
113,MAR CH12,156.600000,,0.000000,,88.5,88.5,023,NN,023,Tone->Tone,FM,100.00,,0.01W,船舶/国際VHF,,,,,国際VHF ch12 海保・ポートラジオ,2
114,MAR CH69,156.475000,,0.000000,,88.5,88.5,023,NN,023,Tone->Tone,FM,25.00,,0.01W,船舶/国際VHF,,,,,国際VHF ch69 小型船舶間,2
115,MAR CH72,156.625000,,0.000000,,88.5,88.5,023,NN,023,Tone->Tone,FM,25.00,,0.01W,船舶/国際VHF,,,,,国際VHF ch72 小型船舶間,2
116,MAR CH73,156.675000,,0.000000,,88.5,88.5,023,NN,023,Tone->Tone,FM,25.00,,0.01W,船舶/国際VHF,,,,,国際VHF ch73 小型船舶間,2
117,MAR CH71,156.575000,,0.000000,,88.5,88.5,023,NN,023,Tone->Tone,FM,25.00,,0.01W,船舶/国際VHF,,,,,国際VHF ch71 マリーナ等,2
118,MAR CH74,156.725000,,0.000000,,88.5,88.5,023,NN,023,Tone->Tone,FM,25.00,,0.01W,船舶/国際VHF,,,,,国際VHF ch74 マリーナ等,2
119,MAR CH79,156.975000,,0.000000,,88.5,88.5,023,NN,023,Tone->Tone,FM,25.00,,0.01W,船舶/国際VHF,,,,,国際VHF ch79 マリーナ等,2
151,JRW C 4144,414.425000,,0.000000,,88.5,88.5,023,NN,023,Tone->Tone,NFM,12.50,,0.01W,鉄道/JR西日本,,,,,JR西日本 Cタイプ 414.425,3
152,JRW C 4145,414.550000,,0.000000,,88.5,88.5,023,NN,023,Tone->Tone,NFM,12.50,,0.01W,鉄道/JR西日本,,,,,JR西日本 Cタイプ 414.55,3
153,JRW C 4152,415.200000,,0.000000,,88.5,88.5,023,NN,023,Tone->Tone,NFM,12.50,,0.01W,鉄道/JR西日本,,,,,JR西日本 Cタイプ 415.2,3
154,JRW 365.21,365.212500,,0.000000,,88.5,88.5,023,NN,023,Tone->Tone,NFM,12.50,,0.01W,鉄道/JR西日本（要確認）,,,,,JR西日本 入換(森ノ宮・高槻派出所),3
155,HKY KYO B,147.920000,,0.000000,,88.5,88.5,023,NN,023,Tone->Tone,NFM,10.00,,0.01W,鉄道/阪急電鉄（要確認）,,,,,阪急 京都線 指令側,3
156,HKY KYO M,143.920000,,0.000000,,88.5,88.5,023,NN,023,Tone->Tone,NFM,10.00,,0.01W,鉄道/阪急電鉄（要確認）,,,,,阪急 京都線 列車側,3
157,HKY TKZ B,147.940000,,0.000000,,88.5,88.5,023,NN,023,Tone->Tone,NFM,10.00,,0.01W,鉄道/阪急電鉄（要確認）,,,,,阪急 宝塚線 指令側,3
158,HKY TKZ M,143.940000,,0.000000,,88.5,88.5,023,NN,023,Tone->Tone,NFM,10.00,,0.01W,鉄道/阪急電鉄（要確認）,,,,,阪急 宝塚線 列車側,3
159,HKY KOB B,151.090000,,0.000000,,88.5,88.5,023,NN,023,Tone->Tone,NFM,10.00,,0.01W,鉄道/阪急電鉄（要確認）,,,,,阪急 神戸線 指令側,3
160,HKY KOB M,149.070000,,0.000000,,88.5,88.5,023,NN,023,Tone->Tone,NFM,10.00,,0.01W,鉄道/阪急電鉄（要確認）,,,,,阪急 神戸線 列車側,3
161,HSN B,150.390000,,0.000000,,88.5,88.5,023,NN,023,Tone->Tone,NFM,10.00,,0.01W,鉄道/阪神電鉄（要確認）,,,,,阪神 列車無線 指令側,3
162,HSN M,149.090000,,0.000000,,88.5,88.5,023,NN,023,Tone->Tone,NFM,10.00,,0.01W,鉄道/阪神電鉄（要確認）,,,,,阪神 列車無線 列車側,3
163,NNK MAIN B,149.850000,,0.000000,,88.5,88.5,023,NN,023,Tone->Tone,NFM,12.50,,0.01W,鉄道/南海電鉄（要確認）,,,,,南海 本線 指令側,3
164,NNK MAIN M,153.290000,,0.000000,,88.5,88.5,023,NN,023,Tone->Tone,NFM,10.00,,0.01W,鉄道/南海電鉄（要確認）,,,,,南海 本線 列車側,3
165,NNK KOYA B,149.830000,,0.000000,,88.5,88.5,023,NN,023,Tone->Tone,NFM,10.00,,0.01W,鉄道/南海電鉄（要確認）,,,,,南海 高野線 指令側,3
166,NNK KOYA M,151.770000,,0.000000,,88.5,88.5,023,NN,023,Tone->Tone,NFM,10.00,,0.01W,鉄道/南海電鉄（要確認）,,,,,南海 高野線 列車側,3
201,ISS VOICE,145.800000,,0.000000,,88.5,88.5,023,NN,023,Tone->Tone,FM,100.00,,0.01W,宇宙/ISS,,,,,ISS 音声・SSTV ダウンリンク,4
202,ISS RPT,437.800000,,0.000000,,88.5,88.5,023,NN,023,Tone->Tone,FM,100.00,,0.01W,宇宙/ISS,,,,,ISS クロスバンドレピータ下り,4
203,ISS APRS,145.825000,,0.000000,,88.5,88.5,023,NN,023,Tone->Tone,FM,25.00,,0.01W,宇宙/ISS,,,,,ISS APRS(パケット),4
204,SO-50,436.795000,,0.000000,,88.5,88.5,023,NN,023,Tone->Tone,FM,5.00,,0.01W,宇宙/アマチュア衛星,,,,,SO-50 FMレピータ下り,4
205,AO-91,145.960000,,0.000000,,88.5,88.5,023,NN,023,Tone->Tone,FM,10.00,,0.01W,宇宙/アマチュア衛星,,,,,AO-91 FMレピータ下り,4
206,AO-123,435.400000,,0.000000,,88.5,88.5,023,NN,023,Tone->Tone,FM,100.00,,0.01W,宇宙/アマチュア衛星,,,,,AO-123(ASRTU-1) FM下り,4
207,CAS-3H,437.200000,,0.000000,,88.5,88.5,023,NN,023,Tone->Tone,FM,100.00,,0.01W,宇宙/アマチュア衛星,,,,,CAS-3H(LilacSat-2) FM下り,4
208,TEVEL2,436.400000,,0.000000,,88.5,88.5,023,NN,023,Tone->Tone,FM,100.00,,0.01W,宇宙/アマチュア衛星,,,,,TEVEL2-1〜9 FM下り,4
209,PO-101,145.900000,,0.000000,,88.5,88.5,023,NN,023,Tone->Tone,FM,100.00,,0.01W,宇宙/アマチュア衛星（要確認）,,,,,PO-101(Diwata-2) FM下り,4
210,FO-29,435.850000,,0.000000,,88.5,88.5,023,NN,023,Tone->Tone,USB,1.00,,0.01W,宇宙/アマチュア衛星,,,,,FO-29(JAS-2) リニア下り中心,4
211,RS-44,435.640000,,0.000000,,88.5,88.5,023,NN,023,Tone->Tone,USB,1.00,,0.01W,宇宙/アマチュア衛星,,,,,RS-44 リニア下り中心,4
212,AO-7 B,145.950000,,0.000000,,88.5,88.5,023,NN,023,Tone->Tone,USB,1.00,,0.01W,宇宙/アマチュア衛星,,,,,AO-7 モードB リニア下り中心,4
213,NOAA15 END,137.620000,,0.000000,,88.5,88.5,023,NN,023,Tone->Tone,FM,10.00,,0.01W,宇宙/気象衛星(運用終了),,,,,NOAA-15 APT(運用終了),4
214,NOAA18 END,137.912500,,0.000000,,88.5,88.5,023,NN,023,Tone->Tone,FM,12.50,,0.01W,宇宙/気象衛星(運用終了),,,,,NOAA-18 APT(運用終了),4
215,NOAA19 END,137.100000,,0.000000,,88.5,88.5,023,NN,023,Tone->Tone,FM,100.00,,0.01W,宇宙/気象衛星(運用終了),,,,,NOAA-19 APT(運用終了),4
251,BOSAI 158,158.350000,,0.000000,,88.5,88.5,023,NN,023,Tone->Tone,NFM,12.50,,0.01W,公共/防災相互波,,,,,防災機関相互通信 150MHz帯,5
252,BOSAI 466,466.775000,,0.000000,,88.5,88.5,023,NN,023,Tone->Tone,NFM,12.50,,0.01W,公共/防災相互波,,,,,防災機関相互通信 400MHz帯,5
301,FM COCOLO,76.500000,,0.000000,,88.5,88.5,023,NN,023,Tone->Tone,FM,100.00,,0.01W,放送/関西FM,,,,,FM COCOLO,6
302,e-radio,77.000000,,0.000000,,88.5,88.5,023,NN,023,Tone->Tone,FM,100.00,,0.01W,放送/関西FM,,,,,e-radio エフエム滋賀,6
303,FM802,80.200000,,0.000000,,88.5,88.5,023,NN,023,Tone->Tone,FM,100.00,,0.01W,放送/関西FM,,,,,FM802,6
304,NHK-FM KYO,82.800000,,0.000000,,88.5,88.5,023,NN,023,Tone->Tone,FM,100.00,,0.01W,放送/関西FM,,,,,NHK-FM 京都,6
305,NHK-FM OTS,84.000000,,0.000000,,88.5,88.5,023,NN,023,Tone->Tone,FM,100.00,,0.01W,放送/関西FM,,,,,NHK-FM 大津,6
306,NHK-FM WAK,84.700000,,0.000000,,88.5,88.5,023,NN,023,Tone->Tone,FM,100.00,,0.01W,放送/関西FM,,,,,NHK-FM 和歌山,6
307,FM OSAKA,85.100000,,0.000000,,88.5,88.5,023,NN,023,Tone->Tone,FM,100.00,,0.01W,放送/関西FM,,,,,FM大阪,6
308,NHK-FM KOB,86.500000,,0.000000,,88.5,88.5,023,NN,023,Tone->Tone,FM,100.00,,0.01W,放送/関西FM,,,,,NHK-FM 神戸,6
309,NHK-FM NAR,87.400000,,0.000000,,88.5,88.5,023,NN,023,Tone->Tone,FM,100.00,,0.01W,放送/関西FM,,,,,NHK-FM 奈良,6
310,NHK-FM OSK,88.100000,,0.000000,,88.5,88.5,023,NN,023,Tone->Tone,FM,100.00,,0.01W,放送/関西FM,,,,,NHK-FM 大阪,6
311,a-station,89.400000,,0.000000,,88.5,88.5,023,NN,023,Tone->Tone,FM,100.00,,0.01W,放送/関西FM,,,,,α-station エフエム京都,6
312,Kiss FM,89.900000,,0.000000,,88.5,88.5,023,NN,023,Tone->Tone,FM,100.00,,0.01W,放送/関西FM,,,,,Kiss FM KOBE,6
313,MBS 90.6,90.600000,,0.000000,,88.5,88.5,023,NN,023,Tone->Tone,FM,100.00,,0.01W,放送/関西ワイドFM,,,,,MBSラジオ ワイドFM,6
314,CRK 91.1,91.100000,,0.000000,,88.5,88.5,023,NN,023,Tone->Tone,FM,100.00,,0.01W,放送/関西ワイドFM,,,,,ラジオ関西 ワイドFM,6
315,OBC 91.9,91.900000,,0.000000,,88.5,88.5,023,NN,023,Tone->Tone,FM,100.00,,0.01W,放送/関西ワイドFM,,,,,ラジオ大阪 ワイドFM,6
316,ABC 93.3,93.300000,,0.000000,,88.5,88.5,023,NN,023,Tone->Tone,FM,100.00,,0.01W,放送/関西ワイドFM,,,,,ABCラジオ ワイドFM,6
317,WBS 94.2,94.200000,,0.000000,,88.5,88.5,023,NN,023,Tone->Tone,FM,100.00,,0.01W,放送/関西ワイドFM,,,,,和歌山放送 ワイドFM,6
318,KBS 94.9,94.900000,,0.000000,,88.5,88.5,023,NN,023,Tone->Tone,FM,100.00,,0.01W,放送/関西ワイドFM,,,,,KBS京都 ワイドFM,6
319,FM CHUO,78.100000,,0.000000,,88.5,88.5,023,NN,023,Tone->Tone,FM,100.00,,0.01W,放送/関西コミュニティFM,,,,,エフエムちゅうおう(大阪市中央区),6
320,SAKURA FM,78.700000,,0.000000,,88.5,88.5,023,NN,023,Tone->Tone,FM,100.00,,0.01W,放送/関西コミュニティFM,,,,,さくらFM(西宮市),6
321,FM KITA,78.900000,,0.000000,,88.5,88.5,023,NN,023,Tone->Tone,FM,100.00,,0.01W,放送/関西コミュニティFM,,,,,エフエム・キタ(大阪市北区),6
322,YAO TIMES,79.200000,,0.000000,,88.5,88.5,023,NN,023,Tone->Tone,FM,100.00,,0.01W,放送/関西コミュニティFM,,,,,八尾タイムズ(八尾市),6
323,ITAMI FM,79.400000,,0.000000,,88.5,88.5,023,NN,023,Tone->Tone,FM,100.00,,0.01W,放送/関西コミュニティFM,,,,,伊丹まち未来(伊丹市),6
324,KISHIWADA,79.700000,,0.000000,,88.5,88.5,023,NN,023,Tone->Tone,FM,100.00,,0.01W,放送/関西コミュニティFM,,,,,ラヂオきしわだ(岸和田市),6
325,KYOTO3,79.700000,,0.000000,,88.5,88.5,023,NN,023,Tone->Tone,FM,100.00,,0.01W,放送/関西コミュニティFM,,,,,京都コミュニティ放送(京都市中京区),6
326,OKUKAWACHI,80.700000,,0.000000,,88.5,88.5,023,NN,023,Tone->Tone,FM,100.00,,0.01W,放送/関西コミュニティFM,,,,,奥河内ラジオ(河内長野市),6
327,MINOH FM,81.600000,,0.000000,,88.5,88.5,023,NN,023,Tone->Tone,FM,100.00,,0.01W,放送/関西コミュニティFM,,,,,箕面FMまちそだて(箕面市),6
328,AMASAKI,82.000000,,0.000000,,88.5,88.5,023,NN,023,Tone->Tone,FM,100.00,,0.01W,放送/関西コミュニティFM,,,,,みんなのあま咲き放送局(尼崎市),6
329,FM TKRZK,83.500000,,0.000000,,88.5,88.5,023,NN,023,Tone->Tone,FM,100.00,,0.01W,放送/関西コミュニティFM,,,,,エフエム宝塚(宝塚市),6
330,SENRI FM,83.700000,,0.000000,,88.5,88.5,023,NN,023,Tone->Tone,FM,100.00,,0.01W,放送/関西コミュニティFM,,,,,千里ニュータウンFM放送(豊中市),6
331,KYOTO LIV,84.500000,,0.000000,,88.5,88.5,023,NN,023,Tone->Tone,FM,100.00,,0.01W,放送/関西コミュニティFM,,,,,京都リビングエフエム(京都市伏見区),6
332,IZUMIOTSU,85.500000,,0.000000,,88.5,88.5,023,NN,023,Tone->Tone,FM,100.00,,0.01W,放送/関西コミュニティFM,,,,,エフエム泉大津(泉大津市),6
333,FM UJI,88.800000,,0.000000,,88.5,88.5,023,NN,023,Tone->Tone,FM,100.00,,0.01W,放送/関西コミュニティFM,,,,,エフエム宇治放送(宇治市),6
351,CB CH1,26.968000,,0.000000,,88.5,88.5,023,NN,023,Tone->Tone,AM,1.00,,0.01W,CB/市民ラジオ,,,,,市民ラジオ 1ch,7
352,CB CH2,26.976000,,0.000000,,88.5,88.5,023,NN,023,Tone->Tone,AM,1.00,,0.01W,CB/市民ラジオ,,,,,市民ラジオ 2ch,7
353,CB CH3,27.040000,,0.000000,,88.5,88.5,023,NN,023,Tone->Tone,AM,10.00,,0.01W,CB/市民ラジオ,,,,,市民ラジオ 3ch,7
354,CB CH4,27.080000,,0.000000,,88.5,88.5,023,NN,023,Tone->Tone,AM,10.00,,0.01W,CB/市民ラジオ,,,,,市民ラジオ 4ch,7
355,CB CH5,27.088000,,0.000000,,88.5,88.5,023,NN,023,Tone->Tone,AM,1.00,,0.01W,CB/市民ラジオ,,,,,市民ラジオ 5ch,7
356,CB CH6,27.112000,,0.000000,,88.5,88.5,023,NN,023,Tone->Tone,AM,1.00,,0.01W,CB/市民ラジオ,,,,,市民ラジオ 6ch,7
357,CB CH7,27.120000,,0.000000,,88.5,88.5,023,NN,023,Tone->Tone,AM,10.00,,0.01W,CB/市民ラジオ,,,,,市民ラジオ 7ch,7
358,CB CH8,27.144000,,0.000000,,88.5,88.5,023,NN,023,Tone->Tone,AM,1.00,,0.01W,CB/市民ラジオ,,,,,市民ラジオ 8ch,7
401,TOKKO 01,422.050000,,0.000000,,88.5,88.5,023,NN,023,Tone->Tone,NFM,12.50,,0.01W,特小/特小単信,,,,,特小 単信01ch(b01),8
402,TOKKO 02,422.062500,,0.000000,,88.5,88.5,023,NN,023,Tone->Tone,NFM,12.50,,0.01W,特小/特小単信,,,,,特小 単信02ch(b02),8
403,TOKKO 03,422.075000,,0.000000,,88.5,88.5,023,NN,023,Tone->Tone,NFM,12.50,,0.01W,特小/特小単信,,,,,特小 単信03ch(b03),8
404,TOKKO 04,422.087500,,0.000000,,88.5,88.5,023,NN,023,Tone->Tone,NFM,12.50,,0.01W,特小/特小単信,,,,,特小 単信04ch(b04),8
405,TOKKO 05,422.100000,,0.000000,,88.5,88.5,023,NN,023,Tone->Tone,NFM,12.50,,0.01W,特小/特小単信,,,,,特小 単信05ch(b05),8
406,TOKKO 06,422.112500,,0.000000,,88.5,88.5,023,NN,023,Tone->Tone,NFM,12.50,,0.01W,特小/特小単信,,,,,特小 単信06ch(b06),8
407,TOKKO 07,422.125000,,0.000000,,88.5,88.5,023,NN,023,Tone->Tone,NFM,12.50,,0.01W,特小/特小単信,,,,,特小 単信07ch(b07),8
408,TOKKO 08,422.137500,,0.000000,,88.5,88.5,023,NN,023,Tone->Tone,NFM,12.50,,0.01W,特小/特小単信,,,,,特小 単信08ch(b08),8
409,TOKKO 09,422.150000,,0.000000,,88.5,88.5,023,NN,023,Tone->Tone,NFM,12.50,,0.01W,特小/特小単信,,,,,特小 単信09ch(b09),8
410,TOKKO 10,422.162500,,0.000000,,88.5,88.5,023,NN,023,Tone->Tone,NFM,12.50,,0.01W,特小/特小単信,,,,,特小 単信10ch(b10),8
411,TOKKO 11,422.175000,,0.000000,,88.5,88.5,023,NN,023,Tone->Tone,NFM,12.50,,0.01W,特小/特小単信,,,,,特小 単信11ch(b11),8
412,TOKKO 12,422.200000,,0.000000,,88.5,88.5,023,NN,023,Tone->Tone,NFM,12.50,,0.01W,特小/特小単信,,,,,特小 単信12ch(L01),8
413,TOKKO 13,422.212500,,0.000000,,88.5,88.5,023,NN,023,Tone->Tone,NFM,12.50,,0.01W,特小/特小単信,,,,,特小 単信13ch(L02),8
414,TOKKO 14,422.225000,,0.000000,,88.5,88.5,023,NN,023,Tone->Tone,NFM,12.50,,0.01W,特小/特小単信,,,,,特小 単信14ch(L03),8
415,TOKKO 15,422.237500,,0.000000,,88.5,88.5,023,NN,023,Tone->Tone,NFM,12.50,,0.01W,特小/特小単信,,,,,特小 単信15ch(L04),8
416,TOKKO 16,422.250000,,0.000000,,88.5,88.5,023,NN,023,Tone->Tone,NFM,12.50,,0.01W,特小/特小単信,,,,,特小 単信16ch(L05),8
417,TOKKO 17,422.262500,,0.000000,,88.5,88.5,023,NN,023,Tone->Tone,NFM,12.50,,0.01W,特小/特小単信,,,,,特小 単信17ch(L06),8
418,TOKKO 18,422.275000,,0.000000,,88.5,88.5,023,NN,023,Tone->Tone,NFM,12.50,,0.01W,特小/特小単信,,,,,特小 単信18ch(L07),8
419,TOKKO 19,422.287500,,0.000000,,88.5,88.5,023,NN,023,Tone->Tone,NFM,12.50,,0.01W,特小/特小単信,,,,,特小 単信19ch(L08),8
420,TOKKO 20,422.300000,,0.000000,,88.5,88.5,023,NN,023,Tone->Tone,NFM,12.50,,0.01W,特小/特小単信,,,,,特小 単信20ch(L09),8
421,TK R01 421,421.575000,,0.000000,,88.5,88.5,023,NN,023,Tone->Tone,NFM,12.50,,0.01W,特小/特小中継(親機送信),,,,,特小 中継01 中継器出力,8
422,TK R02 421,421.587500,,0.000000,,88.5,88.5,023,NN,023,Tone->Tone,NFM,12.50,,0.01W,特小/特小中継(親機送信),,,,,特小 中継02 中継器出力,8
423,TK R03 421,421.600000,,0.000000,,88.5,88.5,023,NN,023,Tone->Tone,NFM,12.50,,0.01W,特小/特小中継(親機送信),,,,,特小 中継03 中継器出力,8
424,TK R04 421,421.612500,,0.000000,,88.5,88.5,023,NN,023,Tone->Tone,NFM,12.50,,0.01W,特小/特小中継(親機送信),,,,,特小 中継04 中継器出力,8
425,TK R05 421,421.625000,,0.000000,,88.5,88.5,023,NN,023,Tone->Tone,NFM,12.50,,0.01W,特小/特小中継(親機送信),,,,,特小 中継05 中継器出力,8
426,TK R06 421,421.637500,,0.000000,,88.5,88.5,023,NN,023,Tone->Tone,NFM,12.50,,0.01W,特小/特小中継(親機送信),,,,,特小 中継06 中継器出力,8
427,TK R07 421,421.650000,,0.000000,,88.5,88.5,023,NN,023,Tone->Tone,NFM,12.50,,0.01W,特小/特小中継(親機送信),,,,,特小 中継07 中継器出力,8
428,TK R08 421,421.662500,,0.000000,,88.5,88.5,023,NN,023,Tone->Tone,NFM,12.50,,0.01W,特小/特小中継(親機送信),,,,,特小 中継08 中継器出力,8
429,TK R09 421,421.675000,,0.000000,,88.5,88.5,023,NN,023,Tone->Tone,NFM,12.50,,0.01W,特小/特小中継(親機送信),,,,,特小 中継09 中継器出力,8
430,TK R10 421,421.687500,,0.000000,,88.5,88.5,023,NN,023,Tone->Tone,NFM,12.50,,0.01W,特小/特小中継(親機送信),,,,,特小 中継10 中継器出力,8
431,TK R11 421,421.700000,,0.000000,,88.5,88.5,023,NN,023,Tone->Tone,NFM,12.50,,0.01W,特小/特小中継(親機送信),,,,,特小 中継11 中継器出力,8
432,TK R12 421,421.712500,,0.000000,,88.5,88.5,023,NN,023,Tone->Tone,NFM,12.50,,0.01W,特小/特小中継(親機送信),,,,,特小 中継12 中継器出力,8
433,TK R13 421,421.725000,,0.000000,,88.5,88.5,023,NN,023,Tone->Tone,NFM,12.50,,0.01W,特小/特小中継(親機送信),,,,,特小 中継13 中継器出力,8
434,TK R14 421,421.737500,,0.000000,,88.5,88.5,023,NN,023,Tone->Tone,NFM,12.50,,0.01W,特小/特小中継(親機送信),,,,,特小 中継14 中継器出力,8
435,TK R15 421,421.750000,,0.000000,,88.5,88.5,023,NN,023,Tone->Tone,NFM,12.50,,0.01W,特小/特小中継(親機送信),,,,,特小 中継15 中継器出力,8
436,TK R16 421,421.762500,,0.000000,,88.5,88.5,023,NN,023,Tone->Tone,NFM,12.50,,0.01W,特小/特小中継(親機送信),,,,,特小 中継16 中継器出力,8
437,TK R17 421,421.775000,,0.000000,,88.5,88.5,023,NN,023,Tone->Tone,NFM,12.50,,0.01W,特小/特小中継(親機送信),,,,,特小 中継17 中継器出力,8
438,TK R18 421,421.787500,,0.000000,,88.5,88.5,023,NN,023,Tone->Tone,NFM,12.50,,0.01W,特小/特小中継(親機送信),,,,,特小 中継18 中継器出力,8
439,TK R19 421,421.812500,,0.000000,,88.5,88.5,023,NN,023,Tone->Tone,NFM,12.50,,0.01W,特小/特小中継(親機送信),,,,,特小 中継19 中継器出力,8
440,TK R20 421,421.825000,,0.000000,,88.5,88.5,023,NN,023,Tone->Tone,NFM,12.50,,0.01W,特小/特小中継(親機送信),,,,,特小 中継20 中継器出力,8
441,TK R21 421,421.837500,,0.000000,,88.5,88.5,023,NN,023,Tone->Tone,NFM,12.50,,0.01W,特小/特小中継(親機送信),,,,,特小 中継21 中継器出力,8
442,TK R22 421,421.850000,,0.000000,,88.5,88.5,023,NN,023,Tone->Tone,NFM,12.50,,0.01W,特小/特小中継(親機送信),,,,,特小 中継22 中継器出力,8
443,TK R23 421,421.862500,,0.000000,,88.5,88.5,023,NN,023,Tone->Tone,NFM,12.50,,0.01W,特小/特小中継(親機送信),,,,,特小 中継23 中継器出力,8
444,TK R24 421,421.875000,,0.000000,,88.5,88.5,023,NN,023,Tone->Tone,NFM,12.50,,0.01W,特小/特小中継(親機送信),,,,,特小 中継24 中継器出力,8
445,TK R25 421,421.887500,,0.000000,,88.5,88.5,023,NN,023,Tone->Tone,NFM,12.50,,0.01W,特小/特小中継(親機送信),,,,,特小 中継25 中継器出力,8
446,TK R26 421,421.900000,,0.000000,,88.5,88.5,023,NN,023,Tone->Tone,NFM,12.50,,0.01W,特小/特小中継(親機送信),,,,,特小 中継26 中継器出力,8
447,TK R27 421,421.912500,,0.000000,,88.5,88.5,023,NN,023,Tone->Tone,NFM,12.50,,0.01W,特小/特小中継(親機送信),,,,,特小 中継27 中継器出力,8
448,TK R01 440,440.025000,,0.000000,,88.5,88.5,023,NN,023,Tone->Tone,NFM,12.50,,0.01W,特小/特小中継(子機送信),,,,,特小 中継01 子機送信,8
449,TK R02 440,440.037500,,0.000000,,88.5,88.5,023,NN,023,Tone->Tone,NFM,12.50,,0.01W,特小/特小中継(子機送信),,,,,特小 中継02 子機送信,8
450,TK R03 440,440.050000,,0.000000,,88.5,88.5,023,NN,023,Tone->Tone,NFM,12.50,,0.01W,特小/特小中継(子機送信),,,,,特小 中継03 子機送信,8
451,TK R04 440,440.062500,,0.000000,,88.5,88.5,023,NN,023,Tone->Tone,NFM,12.50,,0.01W,特小/特小中継(子機送信),,,,,特小 中継04 子機送信,8
452,TK R05 440,440.075000,,0.000000,,88.5,88.5,023,NN,023,Tone->Tone,NFM,12.50,,0.01W,特小/特小中継(子機送信),,,,,特小 中継05 子機送信,8
453,TK R06 440,440.087500,,0.000000,,88.5,88.5,023,NN,023,Tone->Tone,NFM,12.50,,0.01W,特小/特小中継(子機送信),,,,,特小 中継06 子機送信,8
454,TK R07 440,440.100000,,0.000000,,88.5,88.5,023,NN,023,Tone->Tone,NFM,12.50,,0.01W,特小/特小中継(子機送信),,,,,特小 中継07 子機送信,8
455,TK R08 440,440.112500,,0.000000,,88.5,88.5,023,NN,023,Tone->Tone,NFM,12.50,,0.01W,特小/特小中継(子機送信),,,,,特小 中継08 子機送信,8
456,TK R09 440,440.125000,,0.000000,,88.5,88.5,023,NN,023,Tone->Tone,NFM,12.50,,0.01W,特小/特小中継(子機送信),,,,,特小 中継09 子機送信,8
457,TK R10 440,440.137500,,0.000000,,88.5,88.5,023,NN,023,Tone->Tone,NFM,12.50,,0.01W,特小/特小中継(子機送信),,,,,特小 中継10 子機送信,8
458,TK R11 440,440.150000,,0.000000,,88.5,88.5,023,NN,023,Tone->Tone,NFM,12.50,,0.01W,特小/特小中継(子機送信),,,,,特小 中継11 子機送信,8
459,TK R12 440,440.162500,,0.000000,,88.5,88.5,023,NN,023,Tone->Tone,NFM,12.50,,0.01W,特小/特小中継(子機送信),,,,,特小 中継12 子機送信,8
460,TK R13 440,440.175000,,0.000000,,88.5,88.5,023,NN,023,Tone->Tone,NFM,12.50,,0.01W,特小/特小中継(子機送信),,,,,特小 中継13 子機送信,8
461,TK R14 440,440.187500,,0.000000,,88.5,88.5,023,NN,023,Tone->Tone,NFM,12.50,,0.01W,特小/特小中継(子機送信),,,,,特小 中継14 子機送信,8
462,TK R15 440,440.200000,,0.000000,,88.5,88.5,023,NN,023,Tone->Tone,NFM,12.50,,0.01W,特小/特小中継(子機送信),,,,,特小 中継15 子機送信,8
463,TK R16 440,440.212500,,0.000000,,88.5,88.5,023,NN,023,Tone->Tone,NFM,12.50,,0.01W,特小/特小中継(子機送信),,,,,特小 中継16 子機送信,8
464,TK R17 440,440.225000,,0.000000,,88.5,88.5,023,NN,023,Tone->Tone,NFM,12.50,,0.01W,特小/特小中継(子機送信),,,,,特小 中継17 子機送信,8
465,TK R18 440,440.237500,,0.000000,,88.5,88.5,023,NN,023,Tone->Tone,NFM,12.50,,0.01W,特小/特小中継(子機送信),,,,,特小 中継18 子機送信,8
466,TK R19 440,440.262500,,0.000000,,88.5,88.5,023,NN,023,Tone->Tone,NFM,12.50,,0.01W,特小/特小中継(子機送信),,,,,特小 中継19 子機送信,8
467,TK R20 440,440.275000,,0.000000,,88.5,88.5,023,NN,023,Tone->Tone,NFM,12.50,,0.01W,特小/特小中継(子機送信),,,,,特小 中継20 子機送信,8
468,TK R21 440,440.287500,,0.000000,,88.5,88.5,023,NN,023,Tone->Tone,NFM,12.50,,0.01W,特小/特小中継(子機送信),,,,,特小 中継21 子機送信,8
469,TK R22 440,440.300000,,0.000000,,88.5,88.5,023,NN,023,Tone->Tone,NFM,12.50,,0.01W,特小/特小中継(子機送信),,,,,特小 中継22 子機送信,8
470,TK R23 440,440.312500,,0.000000,,88.5,88.5,023,NN,023,Tone->Tone,NFM,12.50,,0.01W,特小/特小中継(子機送信),,,,,特小 中継23 子機送信,8
471,TK R24 440,440.325000,,0.000000,,88.5,88.5,023,NN,023,Tone->Tone,NFM,12.50,,0.01W,特小/特小中継(子機送信),,,,,特小 中継24 子機送信,8
472,TK R25 440,440.337500,,0.000000,,88.5,88.5,023,NN,023,Tone->Tone,NFM,12.50,,0.01W,特小/特小中継(子機送信),,,,,特小 中継25 子機送信,8
473,TK R26 440,440.350000,,0.000000,,88.5,88.5,023,NN,023,Tone->Tone,NFM,12.50,,0.01W,特小/特小中継(子機送信),,,,,特小 中継26 子機送信,8
474,TK R27 440,440.362500,,0.000000,,88.5,88.5,023,NN,023,Tone->Tone,NFM,12.50,,0.01W,特小/特小中継(子機送信),,,,,特小 中継27 子機送信,8
501,6M FM CQ,51.000000,,0.000000,,88.5,88.5,023,NN,023,Tone->Tone,NFM,12.50,,0.01W,アマチュア/呼出,,,,,50MHz帯 呼出,9
502,2M FM CQ,145.000000,,0.000000,,88.5,88.5,023,NN,023,Tone->Tone,NFM,12.50,,0.01W,アマチュア/呼出,,,,,144MHz帯 呼出,9
503,70CM FM CQ,433.000000,,0.000000,,88.5,88.5,023,NN,023,Tone->Tone,NFM,12.50,,0.01W,アマチュア/呼出,,,,,430MHz帯 呼出,9
504,23CM FM CQ,1295.000000,,0.000000,,88.5,88.5,023,NN,023,Tone->Tone,NFM,12.50,,0.01W,アマチュア/呼出,,,,,1200MHz帯 呼出,9
505,10M FM JA,29.300000,,0.000000,,88.5,88.5,023,NN,023,Tone->Tone,NFM,12.50,,0.01W,アマチュア/呼出(慣習),,,,,29MHz FM 国内呼出,9
506,10M FM DX,29.600000,,0.000000,,88.5,88.5,023,NN,023,Tone->Tone,NFM,12.50,,0.01W,アマチュア/呼出(慣習),,,,,29MHz FM 国際呼出,9
507,EMG 18.160,18.160000,,0.000000,,88.5,88.5,023,NN,023,Tone->Tone,USB,1.00,,0.01W,アマチュア/非常通信,,,,,18MHz帯 非常通信,9
508,EMG 21.360,21.360000,,0.000000,,88.5,88.5,023,NN,023,Tone->Tone,USB,1.00,,0.01W,アマチュア/非常通信,,,,,21MHz帯 非常通信,9
509,EMG 28.200,28.200000,,0.000000,,88.5,88.5,023,NN,023,Tone->Tone,USB,1.00,,0.01W,アマチュア/非常通信,,,,,28MHz帯 非常通信,9
510,EMG 50.100,50.100000,,0.000000,,88.5,88.5,023,NN,023,Tone->Tone,USB,1.00,,0.01W,アマチュア/非常通信,,,,,50MHz帯 非常通信,9
511,EMG 51.500,51.500000,,0.000000,,88.5,88.5,023,NN,023,Tone->Tone,NFM,12.50,,0.01W,アマチュア/非常通信,,,,,50MHz帯 非常通信 FM,9
512,EMG 144.10,144.100000,,0.000000,,88.5,88.5,023,NN,023,Tone->Tone,USB,1.00,,0.01W,アマチュア/非常通信,,,,,144MHz帯 非常通信,9
513,EMG 145.50,145.500000,,0.000000,,88.5,88.5,023,NN,023,Tone->Tone,NFM,12.50,,0.01W,アマチュア/非常通信,,,,,144MHz帯 非常通信 FM,9
514,EMG 430.10,430.100000,,0.000000,,88.5,88.5,023,NN,023,Tone->Tone,USB,1.00,,0.01W,アマチュア/非常通信,,,,,430MHz帯 非常通信,9
515,EMG 433.50,433.500000,,0.000000,,88.5,88.5,023,NN,023,Tone->Tone,NFM,12.50,,0.01W,アマチュア/非常通信,,,,,430MHz帯 非常通信 FM,9
516,EMG 1294.0,1294.000000,,0.000000,,88.5,88.5,023,NN,023,Tone->Tone,USB,1.00,,0.01W,アマチュア/非常通信,,,,,1200MHz帯 非常通信,9
517,BCN 18.110,18.110000,,0.000000,,88.5,88.5,023,NN,023,Tone->Tone,USB,1.00,,0.01W,アマチュア/ビーコン,,,,,18MHz ビーコン,9
518,BCN 21.150,21.150000,,0.000000,,88.5,88.5,023,NN,023,Tone->Tone,USB,1.00,,0.01W,アマチュア/ビーコン,,,,,21MHz ビーコン,9
519,BCN 24.930,24.930000,,0.000000,,88.5,88.5,023,NN,023,Tone->Tone,USB,1.00,,0.01W,アマチュア/ビーコン,,,,,24MHz ビーコン,9
520,BCN 50.010,50.010000,,0.000000,,88.5,88.5,023,NN,023,Tone->Tone,USB,1.00,,0.01W,アマチュア/ビーコン（要確認）,,,,,50MHz ビーコン,9
521,JP3YDT TK4,439.640000,,0.000000,,88.5,88.5,023,NN,023,Tone->Tone,NFM,10.00,,0.01W,アマチュア/関西レピータ,,,,,高槻・桃園町 JP3YDT,9
522,JP3YDT TK1,1292.740000,,0.000000,,88.5,88.5,023,NN,023,Tone->Tone,NFM,10.00,,0.01W,アマチュア/関西レピータ,,,,,高槻・桃園町 JP3YDT 1200,9
523,JP3YHP HR4,439.850000,,0.000000,,88.5,88.5,023,NN,023,Tone->Tone,NFM,12.50,,0.01W,アマチュア/関西レピータ,,,,,枚方・釈尊寺町 JP3YHP,9
524,JP3YHP HR1,1292.480000,,0.000000,,88.5,88.5,023,NN,023,Tone->Tone,NFM,10.00,,0.01W,アマチュア/関西レピータ,,,,,枚方・釈尊寺町 JP3YHP 1200,9
525,JP3YHX NY1,1292.320000,,0.000000,,88.5,88.5,023,NN,023,Tone->Tone,NFM,10.00,,0.01W,アマチュア/関西レピータ,,,,,寝屋川・太秦東が丘 JP3YHX 1200,9
526,JP3YGP OH4,439.920000,,0.000000,,88.5,88.5,023,NN,023,Tone->Tone,NFM,10.00,,0.01W,アマチュア/関西レピータ,,,,,京都・大原野春日町 JP3YGP,9
527,JP3YGP OH1,1292.800000,,0.000000,,88.5,88.5,023,NN,023,Tone->Tone,NFM,12.50,,0.01W,アマチュア/関西レピータ,,,,,京都・大原野春日町 JP3YGP 1200,9
528,JP3YGR OH1,1292.440000,,0.000000,,88.5,88.5,023,NN,023,Tone->Tone,NFM,10.00,,0.01W,アマチュア/関西レピータ,,,,,京都・大原野南春日町 JP3YGR 1200,9
529,JR3WD OH4,439.760000,,0.000000,,88.5,88.5,023,NN,023,Tone->Tone,NFM,10.00,,0.01W,アマチュア/関西レピータ,,,,,京都・大原野南春日町 JR3WD,9
530,JR3WD OH1,1292.720000,,0.000000,,88.5,88.5,023,NN,023,Tone->Tone,NFM,10.00,,0.01W,アマチュア/関西レピータ,,,,,京都・大原野南春日町 JR3WD 1200,9
531,JR3VU MK4,439.980000,,0.000000,,88.5,88.5,023,NN,023,Tone->Tone,NFM,10.00,,0.01W,アマチュア/関西レピータ,,,,,向日・寺戸町 JR3VU,9
532,JR3VU MK1,1292.380000,,0.000000,,88.5,88.5,023,NN,023,Tone->Tone,NFM,10.00,,0.01W,アマチュア/関西レピータ,,,,,向日・寺戸町 JR3VU 1200,9
533,JP3YHO DT1,1292.520000,,0.000000,,88.5,88.5,023,NN,023,Tone->Tone,NFM,10.00,,0.01W,アマチュア/関西レピータ,,,,,大東・竜間 JP3YHO 1200,9
534,JP3YDJ DT1,1292.060000,,0.000000,,88.5,88.5,023,NN,023,Tone->Tone,NFM,10.00,,0.01W,アマチュア/関西レピータ,,,,,大東・北条 JP3YDJ 1200,9
535,JP3YDH IK1,1292.100000,,0.000000,,88.5,88.5,023,NN,023,Tone->Tone,NFM,12.50,,0.01W,アマチュア/関西レピータ,,,,,池田・畑 JP3YDH 1200,9
536,JR3WA HO4,439.340000,,0.000000,,88.5,88.5,023,NN,023,Tone->Tone,NFM,10.00,,0.01W,アマチュア/関西レピータ,,,,,東大阪・荒本北 JR3WA,9
537,JR3WA HO1,1291.060000,,0.000000,,88.5,88.5,023,NN,023,Tone->Tone,NFM,10.00,,0.01W,アマチュア/関西レピータ,,,,,東大阪・荒本北 JR3WA 1200,9
538,JR3VC KM4,439.660000,,0.000000,,88.5,88.5,023,NN,023,Tone->Tone,NFM,10.00,,0.01W,アマチュア/関西レピータ,,,,,京都・南区西九条 JR3VC,9
539,JR3VC KM1,1292.200000,,0.000000,,88.5,88.5,023,NN,023,Tone->Tone,NFM,12.50,,0.01W,アマチュア/関西レピータ,,,,,京都・南区西九条 JR3VC 1200,9
540,JR3WJ KH4,439.620000,,0.000000,,88.5,88.5,023,NN,023,Tone->Tone,NFM,10.00,,0.01W,アマチュア/関西レピータ,,,,,大阪・北浜東 JR3WJ,9
541,JP3YHB MN4,434.830000,,0.000000,,88.5,88.5,023,NN,023,Tone->Tone,NFM,10.00,,0.01W,アマチュア/関西レピータ,,,,,大阪・森ノ宮 JP3YHB,9
542,JR3VH TN4,439.900000,,0.000000,,88.5,88.5,023,NN,023,Tone->Tone,NFM,12.50,,0.01W,アマチュア/関西レピータ,,,,,大阪・谷町 JR3VH,9
543,JP3YHA TZ4,439.580000,,0.000000,,88.5,88.5,023,NN,023,Tone->Tone,NFM,10.00,,0.01W,アマチュア/関西レピータ,,,,,宝塚・雲雀丘山手 JP3YHA,9
544,JR3VA NN4,439.540000,,0.000000,,88.5,88.5,023,NN,023,Tone->Tone,NFM,10.00,,0.01W,アマチュア/関西レピータ,,,,,京都・仁和寺 JR3VA,9
545,JR3VL SM4,439.680000,,0.000000,,88.5,88.5,023,NN,023,Tone->Tone,NFM,10.00,,0.01W,アマチュア/関西レピータ,,,,,京都・千本今出川 JR3VL,9
546,JR3VE HN4,439.520000,,0.000000,,88.5,88.5,023,NN,023,Tone->Tone,NFM,10.00,,0.01W,アマチュア/関西レピータ,,,,,大阪・平野区加美南 JR3VE,9
547,JR3WO NS4,439.650000,,0.000000,,88.5,88.5,023,NN,023,Tone->Tone,NFM,12.50,,0.01W,アマチュア/関西レピータ,,,,,西宮・屋敷町 JR3WO,9
548,JP3YEF FS4,439.140000,,0.000000,,88.5,88.5,023,NN,023,Tone->Tone,NFM,10.00,,0.01W,アマチュア/関西レピータ,,,,,西宮・山口町船坂 JP3YEF,9
549,JR3VK RK4,439.110000,,0.000000,,88.5,88.5,023,NN,023,Tone->Tone,NFM,10.00,,0.01W,アマチュア/関西レピータ,,,,,神戸・六甲山 JR3VK,9
550,JP3YCC AZ4,439.860000,,0.000000,,88.5,88.5,023,NN,023,Tone->Tone,NFM,10.00,,0.01W,アマチュア/関西レピータ,,,,,近江八幡・安土 JP3YCC,9
